{"labels": [0, 0, 2, 2, 2, 2, 0, 2, 2, 0, 2, 0, 2, 2, 2, 0, 0, 1, 2, 2, 0, 2, 2, 2, 2, 0, 2, 2, 2, 0, 2, 2, 2, 0, 2, 2, 2, 2, 2, 2, 2, 0, 2, 2, 2, 2, 2, 2, 0, 2, 2, 2, 2, 0, 2, 0, 0, 2, 2, 0, 0, 1, 2, 0, 2, 2, 2, 2, 2, 2, 0, 0, 2, 2, 0, 2, 1, 2, 2, 2, 2, 2, 2, 2, 2, 2, 2, 0, 0, 0, 0, 2, 2, 0, 2, 2, 2, 2, 2, 0], "scores": [0.6903807520866394, 0.34665220975875854, 0.3284352719783783, 0.29684996604919434, 0.2899627089500427, 0.2462078332901001, 0.2394004762172699, 0.23555634915828705, 0.22194404900074005, 0.20976252853870392, 0.20563186705112457, 0.19530431926250458, 0.19302839040756226, 0.17275656759738922, 0.16692650318145752, 0.1632763296365738, 0.16234040260314941, 0.16104169189929962, 0.15988807380199432, 0.15982860326766968, 0.15502986311912537, 0.1543232649564743, 0.14529240131378174, 0.14449934661388397, 0.13710033893585205, 0.13025209307670593, 0.1297813057899475, 0.128251314163208, 0.1265709400177002, 0.12394137680530548, 0.12383516877889633, 0.12288264185190201, 0.1221470907330513, 0.11673805862665176, 0.11569742858409882, 0.11411827802658081, 0.11245767027139664, 0.11193779855966568, 0.10969652980566025, 0.10773061215877533, 0.10694235563278198, 0.10509566962718964, 0.1016940325498581, 0.10093456506729126, 0.1003202572464943, 0.09806342422962189, 0.09777696430683136, 0.09771352261304855, 0.09734903275966644, 0.09565383940935135, 0.09556873887777328, 0.09464983642101288, 0.09126842021942139, 0.09004846215248108, 0.08989935368299484, 0.08896669745445251, 0.0874158963561058, 0.08618266135454178, 0.08449947088956833, 0.08410604298114777, 0.0829998105764389, 0.08283799141645432, 0.08205392956733704, 0.08189079910516739, 0.07940391451120377, 0.07912484556436539, 0.07685071974992752, 0.07676436007022858, 0.07660911977291107, 0.07635097950696945, 0.07608276605606079, 0.0755114033818245, 0.07546420395374298, 0.07456406205892563, 0.07453682273626328, 0.07307972013950348, 0.07254146784543991, 0.07250998169183731, 0.071940116584301, 0.07166898250579834, 0.07152377814054489, 0.0713885948061943, 0.07072491943836212, 0.06925875693559647, 0.06737393140792847, 0.06714574247598648, 0.06656453758478165, 0.06623533368110657, 0.062223248183727264, 0.06071148440241814, 0.06052917614579201, 0.05993245169520378, 0.05952715873718262, 0.059522029012441635, 0.059499356895685196, 0.05921183526515961, 0.05914812907576561, 0.058744095265865326, 0.0582016259431839, 0.057357851415872574], "bboxes": [[471.65850830078125, 13.302650451660156, 690.0, 557.1787719726562], [570.4730834960938, 460.9458923339844, 690.0, 593.8024291992188], [474.7462158203125, 12.38908576965332, 690.0, 557.3139038085938], [3.313023805618286, 637.9301147460938, 48.00532913208008, 713.7127685546875], [577.7986450195312, 465.2836608886719, 690.0, 599.5046997070312], [439.8944091796875, 382.0254821777344, 467.58245849609375, 408.1754150390625], [511.4194030761719, 31.725704193115234, 688.5775756835938, 356.99884033203125], [9.15865707397461, 491.0843505859375, 76.25348663330078, 535.06396484375], [327.7251281738281, 551.4801025390625, 403.3811340332031, 601.6476440429688], [562.6758422851562, 39.83171081542969, 690.0, 213.4269256591797], [69.63899993896484, 348.3482360839844, 100.05328369140625, 421.3638916015625], [628.5789794921875, 418.917724609375, 653.7745971679688, 458.66253662109375], [56.38162612915039, 199.11045837402344, 76.57386016845703, 231.50172424316406], [204.8646697998047, 122.1933364868164, 364.8479919433594, 192.4442901611328], [417.124755859375, 427.8937072753906, 455.5274658203125, 458.7862854003906], [506.8226318359375, 256.0581359863281, 553.6393432617188, 317.2409973144531], [481.9734191894531, 291.8733825683594, 690.0, 587.9579467773438], [491.98345947265625, 37.77075958251953, 684.8297729492188, 539.544921875], [57.15393829345703, 206.78485107421875, 83.05758666992188, 240.79965209960938], [347.3257141113281, 554.6361694335938, 393.4945068359375, 594.6957397460938], [344.2529602050781, 551.0972900390625, 407.0137023925781, 602.6788330078125], [74.65056610107422, 397.9090576171875, 106.55821228027344, 425.24090576171875], [58.84000778198242, 217.91148376464844, 84.70345306396484, 249.65725708007812], [492.24591064453125, 675.0035400390625, 530.0032348632812, 713.3388061523438], [150.56968688964844, 191.5924530029297, 178.96871948242188, 212.5955352783203], [590.9086303710938, 259.75848388671875, 629.07958984375, 288.1921691894531], [54.982017517089844, 202.3325653076172, 88.70361328125, 256.8192443847656], [61.79457473754883, 227.78517150878906, 85.5541000366211, 257.3852233886719], [457.1306457519531, 642.7186279296875, 690.0, 723.0132446289062], [510.6864929199219, 438.6995849609375, 690.0, 625.015625], [486.6534729003906, 668.598876953125, 557.3870239257812, 716.822021484375], [385.27203369140625, 380.447021484375, 464.94677734375, 460.74176025390625], [525.6139526367188, 16.346912384033203, 552.5391235351562, 41.30632019042969], [585.5658569335938, 241.82562255859375, 667.2371826171875, 289.9791259765625], [64.17020416259766, 238.61839294433594, 85.52886199951172, 270.0903625488281], [74.57550048828125, 373.9903259277344, 104.95932006835938, 423.4902038574219], [66.7707290649414, 315.8058166503906, 93.30694580078125, 416.9832458496094], [393.5135498046875, 413.4132385253906, 458.0323181152344, 458.1584777832031], [64.8744125366211, 307.37518310546875, 111.56230163574219, 422.90997314453125], [50.88384246826172, 189.15492248535156, 78.97821044921875, 236.8992156982422], [554.5518798828125, 41.04056930541992, 688.133056640625, 200.64694213867188], [472.35650634765625, 654.1317749023438, 690.0, 725.3235473632812], [0.8791916966438293, 658.218505859375, 35.70283889770508, 709.0040283203125], [59.095703125, 226.5931854248047, 89.51547241210938, 286.8462219238281], [65.10771179199219, 246.8169403076172, 85.4566650390625, 284.4638671875], [64.42921447753906, 251.65443420410156, 93.95748901367188, 326.9111022949219], [301.00189208984375, 127.3167495727539, 356.0038146972656, 176.4154815673828], [66.2418441772461, 235.2973175048828, 92.7021484375, 256.678955078125], [673.6589965820312, 378.96612548828125, 690.0, 449.7876892089844], [491.7406005859375, 684.830078125, 678.2793579101562, 725.5258178710938], [56.24411392211914, 196.77932739257812, 72.7158203125, 219.1516571044922], [69.50326538085938, 271.0647888183594, 92.21966552734375, 318.47265625], [319.4727783203125, 143.07752990722656, 353.3760681152344, 178.72315979003906], [622.6408081054688, 408.141845703125, 659.628662109375, 464.1849365234375], [479.2540283203125, 657.7274169921875, 531.3606567382812, 718.8305053710938], [3.313023805618286, 637.9301147460938, 48.00532913208008, 713.7127685546875], [385.0355529785156, 132.39605712890625, 690.0, 684.0595092773438], [70.86882781982422, 332.8169860839844, 89.4380874633789, 396.4557800292969], [70.27379608154297, 257.83233642578125, 89.48887634277344, 299.2598571777344], [512.9928588867188, 258.84814453125, 556.9376220703125, 292.43829345703125], [495.7790832519531, 473.182373046875, 563.19091796875, 545.3147583007812], [511.82220458984375, 627.5150146484375, 688.0753173828125, 720.3619384765625], [66.0225601196289, 262.3175354003906, 84.82176971435547, 307.060546875], [630.1297607421875, 408.0890808105469, 677.46337890625, 469.5932312011719], [638.6185302734375, 626.6404418945312, 666.5541381835938, 655.970458984375], [2.0860610008239746, 463.9804992675781, 67.72603607177734, 531.8252563476562], [210.462890625, 122.44831085205078, 295.734619140625, 180.21173095703125], [500.2581481933594, 684.775390625, 569.7130737304688, 720.1673583984375], [413.0570068359375, 399.661865234375, 468.31640625, 457.9947814941406], [478.9615783691406, 661.0536499023438, 621.8270263671875, 722.3150634765625], [373.48187255859375, 565.30908203125, 406.32452392578125, 602.7969970703125], [491.7406005859375, 684.830078125, 678.2793579101562, 725.5258178710938], [217.0359344482422, 130.31654357910156, 271.7534484863281, 174.70205688476562], [172.9310302734375, 572.035400390625, 277.4189453125, 