{"labels": [0, 0, 0, 0, 0, 0, 0, 0, 0, 2, 0, 0, 0, 2, 0, 2, 0, 2, 0, 2, 0, 0, 0, 2, 0, 0, 2, 1, 0, 2, 2, 2, 0, 0, 0, 0, 0, 0, 0, 0, 2, 0, 0, 1, 0, 2, 0, 0, 0, 2, 0, 2, 2, 1, 2, 0, 0], "scores": [0.4611044228076935, 0.3982403576374054, 0.30640462040901184, 0.1854708343744278, 0.13893002271652222, 0.11611877381801605, 0.11084488779306412, 0.10649760067462921, 0.10199341922998428, 0.0990021675825119, 0.09745412319898605, 0.0957813635468483, 0.08942901343107224, 0.08141037821769714, 0.07890208810567856, 0.07778632640838623, 0.07580987364053726, 0.07281683385372162, 0.0716264471411705, 0.06945040822029114, 0.06941740959882736, 0.06917434185743332, 0.06902025640010834, 0.06863810867071152, 0.06377097964286804, 0.06197943538427353, 0.06106814742088318, 0.060730572789907455, 0.06027594953775406, 0.05998001992702484, 0.05996130779385567, 0.059824373573064804, 0.059548649936914444, 0.059344928711652756, 0.058912813663482666, 0.05862342566251755, 0.05857781320810318, 0.05808404088020325, 0.057785771787166595, 0.05742022395133972, 0.0573052279651165, 0.0572376511991024, 0.057106371968984604, 0.05704014003276825, 0.05696544796228409, 0.05568494275212288, 0.05468117073178291, 0.054488878697156906, 0.05437682941555977, 0.0541122667491436, 0.054110366851091385, 0.054104164242744446, 0.05194959044456482, 0.05171627551317215, 0.050886768847703934, 0.05022987723350525, 0.05013464391231537], "bboxes": [[192.57598876953125, 174.95652770996094, 265.0722961425781, 236.1569366455078], [179.5697784423828, 159.00018310546875, 304.9801025390625, 236.08724975585938], [206.3970489501953, 196.8411407470703, 264.14215087890625, 238.8641815185547], [98.03176879882812, 162.1009979248047, 269.0357971191406, 236.69264221191406], [203.36505126953125, 184.34999084472656, 218.46774291992188, 197.0437774658203], [213.20468139648438, 187.01800537109375, 289.2664794921875, 236.03271484375], [9.173851013183594, 169.38343811035156, 236.64297485351562, 229.5508575439453], [300.224609375, 231.00502014160156, 320.0, 239.7727508544922], [153.62664794921875, 127.96266174316406, 315.80023193359375, 216.1679229736328], [300.224609375, 231.00502014160156, 320.0, 239.7727508544922], [175.5977783203125, 156.7248992919922, 241.25128173828125, 176.44065856933594], [153.2781219482422, 152.9486846923828, 268.31585693359375, 220.8444366455078], [216.9851837158203, 201.0533905029297, 251.5878143310547, 234.99815368652344], [185.59622192382812, 158.62120056152344, 311.0775451660156, 233.7106475830078], [42.37127685546875, 153.35789489746094, 262.9445495605469, 205.94947814941406], [130.15594482421875, 127.58729553222656, 262.9316101074219, 159.33583068847656], [140.52606201171875, 137.42239379882812, 252.90911865234375, 172.56158447265625], [282.56610107421875, 221.66159057617188, 320.0, 239.48126220703125], [146.18154907226562, 156.1233673095703, 243.0924072265625, 199.8694610595703], [100.6031265258789, 140.61766052246094, 244.5577392578125, 170.9671173095703], [95.7181396484375, 157.7707977294922, 221.53512573242188, 189.9259796142578], [205.447509765625, 200.67034912109375, 316.55560302734375, 240.0], [164.34414672851562, 150.12437438964844, 242.93984985351562, 171.28880310058594], [128.98886108398438, 177.853515625, 286.9220275878906, 240.0], [196.82553100585938, 210.74876403808594, 254.67315673828125, 240.0], [6.7717132568359375, 185.43614196777344, 169.56382751464844, 235.3142852783203], [208.54229736328125, 112.66215515136719, 307.3497314453125, 145.00929260253906], [173.88563537597656, 160.70181274414062, 291.9983215332031, 236.77340698242188], [138.02197265625, 186.03518676757812, 255.0960693359375, 240.0], [296.70526123046875, 225.09483337402344, 320.0, 240.0], [38.56304168701172, 188.86740112304688, 252.39041137695312, 240.0], [7.280830383300781, 196.00958251953125, 164.60104370117188, 237.71640014648438], [217.21115112304688, 218.21310424804688, 260.7759094238281, 240.0], [197.8195037841797, 161.9373016357422, 240.38172912597656, 173.55897521972656], [197.76031494140625, 180.1317901611328, 223.120361328125, 197.9862823486328], [211.71658325195312, 159.329833984375, 250.81985473632812, 170.08993530273438], [209.1031494140625, 188.24139404296875, 253.04385375976562, 220.996337890625], [230.5335235595703, 123.29286193847656, 320.0, 240.0], [170.67654418945312, 157.5564422607422, 255.12496948242188, 188.9013214111328], [296.70526123046875, 225.09483337402344, 320.0, 240.0], [69.63858032226562, 56.525390625, 84.77641296386719, 70.60537719726562], [181.07608032226562, 162.6641082763672, 235.84649658203125, 185.24082946777344], [200.5047149658203, 157.86985778808594, 253.7273712158203, 175.78712463378906], [170.67654418945312, 157.5564422607422, 255.12496948242188, 188.9013214111328], [308.1130065917969, 226.7363739013672, 320.0, 240.0], [95.80491638183594, 92.08229064941406, 304.207763671875, 156.37205505371094], [136.00936889648438, 168.71653747558594, 231.28033447265625, 219.4734649658203], [142.85997009277344, 176.3558349609375, 180.70289611816406, 190.04928588867188], [184.6074981689453, 156.55050659179688, 239.7344512939453, 224.30636596679688], [76.31205749511719, 119.28570556640625, 267.7161865234375, 168.08172607421875], [143.61041259765625, 126.05175018310547, 276.31390380859375, 157.74154663085938], [10.492477416992188, 170.59776306152344, 223.46385192871094, 228.98301696777344], [253.77532958984375, 217.02902221679688, 318.40216064453125, 239.51171875], [184.34646606445312, 161.60150146484375, 260.62353515625, 208.599365234375], [207.18096923828125, 185.8605194091797, 316.4578857421875, 239.9467315673828], [103.42675018310547, 128.77459716796875, 286.4359130859375, 186.20248413085938], [200.0081329345703, 230.7989501953125, 225.85166931152344, 239.71237182617188]]}