{"labels": [0, 1, 2, 1, 2, 2, 0, 0, 0, 2, 0, 2, 0, 0, 2, 2, 0, 1, 2, 2, 2, 2, 1, 0, 2, 0, 1, 0, 2, 0, 1, 2, 0, 0, 2, 1, 2, 2, 2, 2, 2, 2, 2, 0, 2, 2, 2, 1, 0, 1, 1, 2, 1, 2, 2, 1, 2, 0, 2, 0, 0, 0, 1, 2, 2, 2, 1, 0, 2, 0, 2, 0, 2, 2, 1, 2, 0, 2, 2, 2, 0, 0, 2, 2, 0, 2, 2, 2, 2, 0, 0, 1, 0, 0, 2, 2, 1, 1, 2, 0], "scores": [0.6918654441833496, 0.6052682995796204, 0.4881717264652252, 0.25034505128860474, 0.22722123563289642, 0.1984964907169342, 0.1934511363506317, 0.18517783284187317, 0.17146709561347961, 0.15655897557735443, 0.15292343497276306, 0.15263685584068298, 0.14191775023937225, 0.1404552310705185, 0.1401108056306839, 0.1372894048690796, 0.13177303969860077, 0.13098035752773285, 0.1307324469089508, 0.12254901975393295, 0.11398764699697495, 0.11132750660181046, 0.11129743605852127, 0.11056140810251236, 0.10930915921926498, 0.10652630031108856, 0.10618756711483002, 0.1051907166838646, 0.10151161253452301, 0.10101504623889923, 0.10056624561548233, 0.09731203317642212, 0.09658697992563248, 0.09624345600605011, 0.09601812064647675, 0.09505602717399597, 0.0933288037776947, 0.09274689108133316, 0.09177578240633011, 0.09167388081550598, 0.09034767001867294, 0.09021130949258804, 0.0878368467092514, 0.08751434087753296, 0.08688538521528244, 0.0863671526312828, 0.08566838502883911, 0.08510472625494003, 0.08462882041931152, 0.08455181866884232, 0.0834605023264885, 0.08209052681922913, 0.08107806742191315, 0.08098436146974564, 0.08084747195243835, 0.07981082797050476, 0.07878263294696808, 0.07822161912918091, 0.07786046713590622, 0.07782403379678726, 0.07733958214521408, 0.077281653881073, 0.07655824720859528, 0.07488022744655609, 0.0747046023607254, 0.07386346161365509, 0.07320810854434967, 0.07266195118427277, 0.0719449371099472, 0.07179779559373856, 0.07134367525577545, 0.07050185650587082, 0.07047004997730255, 0.06954945623874664, 0.06897029280662537, 0.06835229694843292, 0.06832712143659592, 0.06748831272125244, 0.0667676255106926, 0.0660378634929657, 0.06551756709814072, 0.06487587839365005, 0.0647900179028511, 0.06450673937797546, 0.06390432268381119, 0.06335833668708801, 0.0625947043299675, 0.062128204852342606, 0.06205092370510101, 0.06165217608213425, 0.06068326532840729, 0.06059028580784798, 0.06025179848074913, 0.06012972071766853, 0.05993419140577316, 0.05983274430036545, 0.05976596847176552, 0.05959010496735573, 0.05942448973655701, 0.05922693759202957], "bboxes": [[164.48634338378906, 134.0524139404297, 267.0702209472656, 198.00962829589844], [181.61422729492188, 43.90666580200195, 323.0697326660156, 137.00341796875], [280.8209228515625, 218.82870483398438, 368.40704345703125, 277.3677062988281], [100.92868041992188, 16.837060928344727, 335.5576477050781, 141.96092224121094], [212.37210083007812, 207.70120239257812, 368.3721618652344, 277.7342224121094], [19.30478286743164, 81.79906463623047, 55.35912322998047, 108.53938293457031], [122.66497802734375, 235.0667266845703, 147.3900146484375, 256.0957336425781], [279.8778076171875, 219.2367706298828, 368.48699951171875, 277.34063720703125], [141.72772216796875, 104.10222625732422, 316.6544494628906, 196.96409606933594], [266.4593200683594, 202.75531005859375, 312.0758361816406, 225.3673095703125], [191.81072998046875, 239.81491088867188, 284.4472961425781, 277.6485595703125], [201.0064239501953, 203.88177490234375, 252.38616943359375, 220.69369506835938], [201.0064239501953, 203.88177490234375, 252.38616943359375, 220.69369506835938], [161.47772216796875, 74.49854278564453, 294.61639404296875, 179.81524658203125], [261.0622253417969, 166.22496032714844, 369.5521240234375, 269.98419189453125], [318.8017272949219, 262.7155456542969, 365.5614929199219, 278.05389404296875], [190.05685424804688, 201.46221923828125, 278.69512939453125, 224.52215576171875], [181.58758544921875, 61.08451461791992, 296.94976806640625, 190.13340759277344], [243.7931365966797, 225.03475952148438, 338.3046569824219, 277.89666748046875], [234.21888732910156, 254.3437042236328, 285.6072998046875, 278.0222473144531], [223.5579376220703, 236.84307861328125, 309.2335205078125, 279.3472900390625], [300.17803955078125, 226.43084716796875, 363.8799133300781, 264.61083984375], [189.33871459960938, 68.10840606689453, 285.9742126464844, 127.87134552001953], [157.46083068847656, 157.44346618652344, 184.678466796875, 198.2935028076172], [18.380807876586914, 230.67454528808594, 39.27833557128906, 255.42092895507812], [181.61422729492188, 43.90666580200195, 323.0697326660156, 137.00341796875], [201.1280517578125, 10.601888656616211, 352.4427185058594, 157.1329803466797], [198.25857543945312, 255.8603057861328, 279.4306335449219, 280.60308837890625], [212.0918731689453, 205.73043823242188, 272.4264221191406, 222.8839111328125], [180.12289428710938, 130.0590057373047, 241.7792510986328, 188.30084228515625], [242.4795379638672, 26.686786651611328, 332.0231628417969, 131.4485626220703], [341.064697265625, 227.26815795898438, 371.16156005859375, 262.6465148925781], [151.5287628173828, 134.27867126464844, 337.29656982421875, 226.3241424560547], [157.63031005859375, 140.02667236328125, 218.89642333984375, 198.04283142089844], [287.4866943359375, 224.9727020263672, 338.5800476074219, 266.09393310546875], [19.885265350341797, 81.89281463623047, 54.46310806274414, 108.2879409790039], [323.0251770019531, 222.36866760253906, 373.1755065917969, 278.8487854003906], [268.70513916015625, 204.28501892089844, 294.8587341308594, 223.62713623046875], [254.73294067382812, 235.7671661376953, 286.8183288574219, 266.1109619140625], [123.647705078125, 239.7449951171875, 146.24838256835938, 256.02789306640625], [267.393310546875, 209.00253295898438, 342.75799560546875, 269.3343505859375], [184.0830535888672, 200.29208374023438, 267.05413818359375, 223.76974487304688], [320.75164794921875, 268.39434814453125, 361.9485168457031, 280.5890197753906], [191.38668823242188, 196.72483825683594, 261.7105712890625, 217.21484375], [0.4011631906032562, 235.45516967773438, 9.472972869873047, 266.05865478515625], [1.566336989402771, 78.90618896484375, 46.72713851928711, 106.6508560180664], [285.5955810546875, 188.44361877441406, 352.5218811035156, 263.4391784667969], [145.36172485351562, 46.9947624206543, 363.46807861328125, 210.48983764648438], [260.1135559082031, 201.79672241210938, 306.1957702636719, 223.68246459960938], [283.708251953125, 28.518966674804688, 333.6020202636719, 92.4311294555664], [219.14378356933594, 52.51365280151367, 304.73394775390625, 124.9994888305664], [321.5642395019531, 251.4487762451172, 368.3304138183594, 272.38360595703125], [160.4491424560547, 4.224883556365967, 345.7118835449219, 86.3768310546875], [306.73968505859375, 197.20230102539062, 374.0, 267.1332702636719], [283.9239501953125, 227.6119842529297, 317.0169677734375, 263.95538330078125], [165.7294921875, 134.90762329101562, 265.553466796875, 197.93344116210938], [164.48634338378906, 134.0524139404297, 267.0702209472656, 198.00962829589844], [230.88189697265625, 247.18638610839844, 278.94464111328125, 277.2911682128906], [355.3060302734375, 231.41384887695312, 371.8203430175781, 263.56915283203125], [257.604736328125, 178.50819396972656, 275.3924865722656, 194.5338134765625], [174.2883758544922, 207.64898681640625, 365.3173522949219, 280.3232116699219], [240.89617919921875, 171.7179718017578, 277.52166748046875, 199.4561004638672], [141.72772216796875, 104.10222625732422, 316.6544494628906, 196.96409606933594], [345.997314453125, 145.53245544433594, 373.486328125, 173.23007202148438], [180.85279846191406, 195.16726684570312, 248.5209197998047, 216.8240966796875], [325.3241882324219, 260.2013854980469, 361.48980712890625, 273.0018310546875], [172.2877197265625, 72.7137222290039, 251.87342834472656, 131.64791870117188], [158.32730102539062, 169.59027099609375, 173.80447387695312, 194.05117797851562], [216.26231384277344, 208.68971252441406, 252.6976776123047, 220.45086669921875], [206.460693359375, 143.29302978515625, 273.3591003417969, 200.36093139648438], [241.4835968017578, 