{"labels": [0, 0, 0, 0, 2, 1, 0, 0, 2, 0, 0, 1, 1, 1, 0, 2, 2, 1], "scores": [0.6304918527603149, 0.30279237031936646, 0.24663105607032776, 0.15957681834697723, 0.10181178897619247, 0.0990334302186966, 0.08973347395658493, 0.07981695234775543, 0.07769081741571426, 0.07527150213718414, 0.07417217642068863, 0.054371144622564316, 0.05381656810641289, 0.051712580025196075, 0.05167815834283829, 0.05105343461036682, 0.0502842478454113, 0.05023545026779175], "bboxes": [[15.62834358215332, 208.02877807617188, 98.68409729003906, 286.6256408691406], [12.653071403503418, 160.79742431640625, 352.0, 284.38958740234375], [20.393648147583008, 192.06153869628906, 215.04295349121094, 288.0], [3.057709217071533, 174.23681640625, 136.25050354003906, 281.26824951171875], [12.653071403503418, 160.79742431640625, 352.0, 284.38958740234375], [13.157450675964355, 32.79198455810547, 352.0, 225.87037658691406], [33.731361389160156, 208.22523498535156, 154.7244110107422, 283.32073974609375], [40.91459655761719, 190.81417846679688, 110.52787780761719, 280.3469543457031], [0.0, 0.1897667944431305, 87.16241455078125, 19.33536148071289], [29.59466552734375, 234.3207550048828, 91.61898803710938, 284.61224365234375], [0.0, 219.189208984375, 77.38713836669922, 278.0018005371094], [21.28306007385254, 163.49827575683594, 352.0, 276.0385437011719], [15.62834358215332, 208.02877807617188, 98.68409729003906, 286.6256408691406], [0.0, 39.029449462890625, 169.9445037841797, 124.41862487792969], [8.064340591430664, 127.29936981201172, 93.36988830566406, 279.24200439453125], [10.120147705078125, 186.6005096435547, 99.15946197509766, 285.9178466796875], [0.8817322254180908, 107.4107437133789, 17.57330894470215, 155.43080139160156], [89.65282440185547, 26.36199188232422, 306.0162353515625, 93.10507202148438]]}