{"labels": [2, 0, 2, 0, 0, 2, 2, 0, 2, 0, 2, 0, 2, 2, 2, 2, 2, 2, 2, 2, 0, 2, 2, 2, 2, 2, 2, 2, 0, 2, 2, 0, 0, 2, 2, 0, 2, 0, 2, 2, 0, 2, 0, 2, 2, 2, 2, 2, 2, 0, 2, 2, 2, 2, 1, 2, 2, 2, 0, 2, 0, 2, 0, 2, 2, 2, 2, 2, 2, 0, 2, 2, 2, 2, 2, 2, 0, 2, 0, 2, 0, 2, 2, 2, 0, 2, 2, 0, 2, 2, 2, 2, 2, 1, 0, 0, 2], "scores": [0.535699188709259, 0.4983903765678406, 0.4880710542201996, 0.4197677969932556, 0.3495894968509674, 0.28192707896232605, 0.280179888010025, 0.2784181237220764, 0.27231264114379883, 0.26485559344291687, 0.26036301255226135, 0.2508752942085266, 0.23991036415100098, 0.23293447494506836, 0.21132993698120117, 0.18795645236968994, 0.17882846295833588, 0.17480748891830444, 0.16956952214241028, 0.1680033802986145, 0.16328133642673492, 0.1593906581401825, 0.14860272407531738, 0.14116217195987701, 0.1327138990163803, 0.13188108801841736, 0.12214560061693192, 0.12143261730670929, 0.12047147750854492, 0.12020570784807205, 0.11787935346364975, 0.11767298728227615, 0.11570227891206741, 0.11516133695840836, 0.1087309792637825, 0.10810171067714691, 0.10712745785713196, 0.10281921923160553, 0.09894520044326782, 0.09463692456483841, 0.09366956353187561, 0.08828143775463104, 0.08772523701190948, 0.08711627870798111, 0.08685855567455292, 0.08520263433456421, 0.08469714224338531, 0.08401847630739212, 0.08044218271970749, 0.08018273115158081, 0.07986261695623398, 0.07929985225200653, 0.07685743272304535, 0.07437935471534729, 0.07346954196691513, 0.07266786694526672, 0.07179458439350128, 0.07142245024442673, 0.06975659728050232, 0.06952765583992004, 0.06770552694797516, 0.06738545745611191, 0.0662137046456337, 0.0653700977563858, 0.0648750439286232, 0.06414441764354706, 0.06309385597705841, 0.06173465773463249, 0.06134963780641556, 0.061180464923381805, 0.06050930172204971, 0.05926201865077019, 0.05913330987095833, 0.05863272771239281, 0.05795871466398239, 0.05779897794127464, 0.05773669481277466, 0.05697092041373253, 0.05691298097372055, 0.056745484471321106, 0.0563843660056591, 0.056316472589969635, 0.05567895248532295, 0.05353956297039986, 0.052139535546302795, 0.052134525030851364, 0.051990412175655365, 0.05198577046394348, 0.051805563271045685, 0.05170105770230293, 0.05131499841809273, 0.05091710016131401, 0.050802092999219894, 0.05049563944339752, 0.0504910983145237, 0.050193969160318375, 0.050002288073301315], "bboxes": [[180.23744201660156, 53.33860397338867, 222.1151123046875, 115.3663558959961], [174.67575073242188, 122.27684020996094, 200.97068786621094, 150.8942108154297], [30.702245712280273, 86.76124572753906, 71.67755126953125, 127.05036163330078], [130.18548583984375, 82.87353515625, 154.88722229003906, 107.00994873046875], [99.90682983398438, 120.81866455078125, 125.43347930908203, 155.67205810546875], [130.44105529785156, 83.49813079833984, 153.00782775878906, 105.82012176513672], [6.177454948425293, 61.50078201293945, 96.87490844726562, 148.69801330566406], [29.740018844604492, 85.07931518554688, 70.42860412597656, 125.50897216796875], [100.22982025146484, 121.15303039550781, 124.8674545288086, 155.53482055664062], [4.16353178024292, 50.546722412109375, 28.4637508392334, 71.33724975585938], [4.16353178024292, 50.546722412109375, 28.4637508392334, 71.33724975585938], [0.0, 130.43414306640625, 25.359357833862305, 180.0501251220703], [0.7774971127510071, 126.12431335449219, 25.30494499206543, 178.9898681640625], [125.44145202636719, 77.39598083496094, 159.69859313964844, 113.14787292480469], [168.95999145507812, 120.64733123779297, 206.09864807128906, 153.9109344482422], [23.093767166137695, 83.58768463134766, 92.6170425415039, 133.60707092285156], [173.3834228515625, 62.544673919677734, 216.84475708007812, 140.5553436279297], [178.2909698486328, 125.80339813232422, 198.70037841796875, 149.9899444580078], [6.886288166046143, 57.44655227661133, 180.7083282470703, 167.5916290283203], [158.32672119140625, 174.73191833496094, 209.79624938964844, 213.38372802734375], [129.24732971191406, 116.07356262207031, 138.5151824951172, 124.21649169921875], [186.89471435546875, 61.42007064819336, 220.494384765625, 99.72660827636719], [94.20211029052734, 96.77763366699219, 127.07408142089844, 155.73944091796875], [127.17770385742188, 33.85286331176758, 223.52244567871094, 158.7982635498047], [17.144546508789062, 52.63792419433594, 73.90318298339844, 127.58690643310547], [88.87315368652344, 94.55413818359375, 124.489013671875, 115.3644027709961], [171.57470703125, 38.680049896240234, 222.84872436523438, 172.25656127929688], [1.1827733516693115, 38.83891296386719, 27.89019203186035, 90.61116027832031], [181.5030517578125, 99.9539566040039, 212.94122314453125, 114.55079650878906], [33.61711502075195, 97.3616714477539, 66.02660369873047, 122.78170013427734], [31.058456420898438, 71.56461334228516, 127.90320587158203, 157.8629913330078], [181.79141235351562, 57.2736930847168, 218.8979034423828, 113.61680603027344], [0.07078199088573456, 145.7239990234375, 13.309319496154785, 175.86749267578125], [9.762431144714355, 88.07089233398438, 73.49903869628906, 155.7683563232422], [119.41865539550781, 75.14801788330078, 156.73345947265625, 139.49884033203125], [180.1331024169922, 127.66410827636719, 197.80609130859375, 148.25999450683594], [124.31037902832031, 57.38298416137695, 215.28054809570312, 114.7378158569336], [125.28468322753906, 75.2518081665039, 160.71658325195312, 112.17792510986328], [96.07726287841797, 79.36579132080078, 153.92626953125, 150.98777770996094], [0.0, 104.86058807373047, 37.510894775390625, 176.32571411132812], [0.0, 34.89129638671875, 26.391712188720703, 71.72610473632812], [0.7964161038398743, 40.778629302978516, 38.606163024902344, 114.78363800048828], [93.86971282958984, 99.88245391845703, 124.06507873535156, 153.81578063964844], [0.3001590669155121, 42.89472579956055, 69.85800170898438, 174.95912170410156], [88.12556457519531, 62.58451461791992, 133.1177520751953, 154.93783569335938], [94.29928588867188, 79.75406646728516, 122.8517837524414, 132.36703491210938], [166.61557006835938, 94.143310546875, 213.74952697753906, 152.1019287109375], [190.4239044189453, 30.837400436401367, 224.0, 103.89402770996094], [109.29620361328125, 84.20966339111328, 151.1576690673828, 114.03211212158203], [215.00082397460938, 78.8071517944336, 223.13226318359375, 90.25247955322266], [50.784942626953125, 48.729278564453125, 224.0, 194.14309692382812], [0.0, 14.283184051513672, 33.634029388427734, 84.35501098632812], [0.0, 212.5291290283203, 27.229915618896484, 223.42376708984375], [36.53956604003906, 63.465152740478516, 72.30081176757812, 122.05270385742188], [179.69412231445312, 54.51091384887695, 221.736083984375, 115.0218276977539], [98.95594024658203, 62.95077133178711, 188.91798400878906, 156.57034301757812], [180.98135375976562, 99.79413604736328, 213.45355224609375, 114.22904968261719], [131.52093505859375, 71.46652221679688, 168.9519805908203, 119.65233612060547], [216.497314453125, 61.45343780517578, 224.0, 73.81727600097656], [167.40830993652344, 62.000789642333984, 208.00796508789062, 113.15743255615234], [125.31680297851562, 114.37033081054688, 142.78550720214844, 126.15986633300781], [89.46131134033203, 68.98019409179688, 116.08609771728516, 117.89183807373047], [165.8704376220703, 120.7705307006836, 211.3559112548828, 155.55795288085938], [216.497314453125, 61.45343780517578, 224.0, 73.81727600097656], [124.06575775146484, 67.61833953857422, 185.29867553710938, 129.71372985839844], [0.0, 19.27953338623047, 127.30852508544922, 152.13409423828125], [103.03753662109375, 88.9254379272461, 141.41476440429688, 140.2267608642578], [215.00082397460938, 78.8071517944336, 223.13226318359375, 90.25247955322266], [0.1061679795384407, 145.68165588378906, 13.101678848266602, 176.4934844970703], [158.32672119140625, 174.73191833496094, 209.79624938964844, 213.38372802734375], [102.0943603515625, 67.26984405517578, 155.18336486816406, 118.9117431640625], [141.01515197753906, 72.95174407958984, 187.20205688476562, 105.87970733642578], [169.52960205078125, 