{"labels": [2, 0, 2, 1], "scores": [0.6697244644165039, 0.1916840523481369, 0.10533342510461807, 0.07846969366073608], "bboxes": [[132.68296813964844, 46.78831100463867, 244.1103515625, 147.61138916015625], [130.7156982421875, 47.390560150146484, 242.88999938964844, 147.6091766357422], [121.9912109375, 23.801231384277344, 266.3606872558594, 180.97744750976562], [130.7156982421875, 47.390560150146484, 242.88999938964844, 147.6091766357422]]}